epoch,loss,accuracy
1,1.589160108566284,0.5333333333333333
2,1.5109146356582641,0.4666666666666667
3,1.4071073055267334,0.6
4,1.243686286608378,0.7833333333333333
5,1.056709317366282,0.85
