epoch,loss,accuracy
1,1.5951219566406742,0.4796747967479675
2,1.4462570067374938,0.6991869918699187
3,1.1032896926326137,0.7560975609756098
4,0.7501670506692701,0.8699186991869918
5,0.45684668325608774,0.8211382113821138
